StoreId,ProductId,WeekStartDate,UnitsSold
S-SEA-01,P-FRZ-001,2026-08-03,66
S-SEA-01,P-FRZ-001,2026-08-10,69
S-SEA-01,P-FRZ-001,2026-08-17,67
S-SEA-01,P-FRZ-001,2026-08-24,54
S-SEA-01,P-FRZ-002,2026-08-03,47
S-SEA-01,P-FRZ-002,2026-08-10,53
S-SEA-01,P-FRZ-002,2026-08-17,52
S-SEA-01,P-FRZ-002,2026-08-24,52
S-SEA-01,P-FRZ-003,2026-08-03,38
S-SEA-01,P-FRZ-003,2026-08-10,31
S-SEA-01,P-FRZ-003,2026-08-17,34
S-SEA-01,P-FRZ-003,2026-08-24,39
S-SEA-01,P-PER-001,2026-08-03,71
S-SEA-01,P-PER-001,2026-08-10,77
S-SEA-01,P-PER-001,2026-08-17,74
S-SEA-01,P-PER-001,2026-08-24,83
S-SEA-01,P-PER-002,2026-08-03,44
S-SEA-01,P-PER-002,2026-08-10,41
S-SEA-01,P-PER-002,2026-08-17,49
S-SEA-01,P-PER-002,2026-08-24,45
S-SEA-01,P-GEN-001,2026-08-03,28
S-SEA-01,P-GEN-001,2026-08-10,26
S-SEA-01,P-GEN-001,2026-08-17,31
S-SEA-01,P-GEN-001,2026-08-24,27
S-SEA-01,P-GEN-002,2026-08-03,37
S-SEA-01,P-GEN-002,2026-08-10,35
S-SEA-01,P-GEN-002,2026-08-17,45
S-SEA-01,P-GEN-002,2026-08-24,37
S-SEA-01,P-GEN-003,2026-08-03,46
S-SEA-01,P-GEN-003,2026-08-10,58
S-SEA-01,P-GEN-003,2026-08-17,45
S-SEA-01,P-GEN-003,2026-08-24,58
S-PDX-01,P-FRZ-001,2026-08-03,48
S-PDX-01,P-FRZ-001,2026-08-10,47
S-PDX-01,P-FRZ-001,2026-08-17,49
S-PDX-01,P-FRZ-001,2026-08-24,45
S-PDX-01,P-FRZ-002,2026-08-03,41
S-PDX-01,P-FRZ-002,2026-08-10,44
S-PDX-01,P-FRZ-002,2026-08-17,44
S-PDX-01,P-FRZ-002,2026-08-24,36
S-PDX-01,P-FRZ-003,2026-08-03,28
S-PDX-01,P-FRZ-003,2026-08-10,28
S-PDX-01,P-FRZ-003,2026-08-17,27
S-PDX-01,P-FRZ-003,2026-08-24,30
S-PDX-01,P-PER-001,2026-08-03,64
S-PDX-01,P-PER-001,2026-08-10,59
S-PDX-01,P-PER-001,2026-08-17,53
S-PDX-01,P-PER-001,2026-08-24,60
S-PDX-01,P-PER-002,2026-08-03,36
S-PDX-01,P-PER-002,2026-08-10,41
S-PDX-01,P-PER-002,2026-08-17,33
S-PDX-01,P-PER-002,2026-08-24,35
S-PDX-01,P-GEN-001,2026-08-03,26
S-PDX-01,P-GEN-001,2026-08-10,29
S-PDX-01,P-GEN-001,2026-08-17,23
S-PDX-01,P-GEN-001,2026-08-24,28
S-PDX-01,P-GEN-002,2026-08-03,36
S-PDX-01,P-GEN-002,2026-08-10,36
S-PDX-01,P-GEN-002,2026-08-17,38
S-PDX-01,P-GEN-002,2026-08-24,33
S-PDX-01,P-GEN-003,2026-08-03,48
S-PDX-01,P-GEN-003,2026-08-10,49
S-PDX-01,P-GEN-003,2026-08-17,42
S-PDX-01,P-GEN-003,2026-08-24,50
S-SFO-01,P-FRZ-001,2026-08-03,62
S-SFO-01,P-FRZ-001,2026-08-10,56
S-SFO-01,P-FRZ-001,2026-08-17,60
S-SFO-01,P-FRZ-001,2026-08-24,54
S-SFO-01,P-FRZ-002,2026-08-03,44
S-SFO-01,P-FRZ-002,2026-08-10,50
S-SFO-01,P-FRZ-002,2026-08-17,46
S-SFO-01,P-FRZ-002,2026-08-24,41
S-SFO-01,P-FRZ-003,2026-08-03,38
S-SFO-01,P-FRZ-003,2026-08-10,38
S-SFO-01,P-FRZ-003,2026-08-17,36
S-SFO-01,P-FRZ-003,2026-08-24,34
S-SFO-01,P-PER-001,2026-08-03,72
S-SFO-01,P-PER-001,2026-08-10,69
S-SFO-01,P-PER-001,2026-08-17,64
S-SFO-01,P-PER-001,2026-08-24,77
S-SFO-01,P-PER-002,2026-08-03,48
S-SFO-01,P-PER-002,2026-08-10,43
S-SFO-01,P-PER-002,2026-08-17,39
S-SFO-01,P-PER-002,2026-08-24,38
S-SFO-01,P-GEN-001,2026-08-03,28
S-SFO-01,P-GEN-001,2026-08-10,31
S-SFO-01,P-GEN-001,2026-08-17,26
S-SFO-01,P-GEN-001,2026-08-24,25
S-SFO-01,P-GEN-002,2026-08-03,38
S-SFO-01,P-GEN-002,2026-08-10,36
S-SFO-01,P-GEN-002,2026-08-17,34
S-SFO-01,P-GEN-002,2026-08-24,43
S-SFO-01,P-GEN-003,2026-08-03,44
S-SFO-01,P-GEN-003,2026-08-10,45
S-SFO-01,P-GEN-003,2026-08-17,48
S-SFO-01,P-GEN-003,2026-08-24,54
S-DEN-01,P-FRZ-001,2026-08-03,48
S-DEN-01,P-FRZ-001,2026-08-10,48
S-DEN-01,P-FRZ-001,2026-08-17,53
S-DEN-01,P-FRZ-001,2026-08-24,46
S-DEN-01,P-FRZ-002,2026-08-03,38
S-DEN-01,P-FRZ-002,2026-08-10,35
S-DEN-01,P-FRZ-002,2026-08-17,38
S-DEN-01,P-FRZ-002,2026-08-24,37
S-DEN-01,P-FRZ-003,2026-08-03,26
S-DEN-01,P-FRZ-003,2026-08-10,30
S-DEN-01,P-FRZ-003,2026-08-17,32
S-DEN-01,P-FRZ-003,2026-08-24,28
S-DEN-01,P-PER-001,2026-08-03,59
S-DEN-01,P-PER-001,2026-08-10,57
S-DEN-01,P-PER-001,2026-08-17,56
S-DEN-01,P-PER-001,2026-08-24,55
S-DEN-01,P-PER-002,2026-08-03,37
S-DEN-01,P-PER-002,2026-08-10,31
S-DEN-01,P-PER-002,2026-08-17,38
S-DEN-01,P-PER-002,2026-08-24,35
S-DEN-01,P-GEN-001,2026-08-03,26
S-DEN-01,P-GEN-001,2026-08-10,25
S-DEN-01,P-GEN-001,2026-08-17,22
S-DEN-01,P-GEN-001,2026-08-24,24
S-DEN-01,P-GEN-002,2026-08-03,36
S-DEN-01,P-GEN-002,2026-08-10,31
S-DEN-01,P-GEN-002,2026-08-17,32
S-DEN-01,P-GEN-002,2026-08-24,33
S-DEN-01,P-GEN-003,2026-08-03,42
S-DEN-01,P-GEN-003,2026-08-10,36
S-DEN-01,P-GEN-003,2026-08-17,47
S-DEN-01,P-GEN-003,2026-08-24,40
S-BOS-01,P-FRZ-001,2026-08-03,46
S-BOS-01,P-FRZ-001,2026-08-10,59
S-BOS-01,P-FRZ-001,2026-08-17,57
S-BOS-01,P-FRZ-001,2026-08-24,48
S-BOS-01,P-FRZ-002,2026-08-03,38
S-BOS-01,P-FRZ-002,2026-08-10,40
S-BOS-01,P-FRZ-002,2026-08-17,42
S-BOS-01,P-FRZ-002,2026-08-24,48
S-BOS-01,P-FRZ-003,2026-08-03,30
S-BOS-01,P-FRZ-003,2026-08-10,33
S-BOS-01,P-FRZ-003,2026-08-17,30
S-BOS-01,P-FRZ-003,2026-08-24,30
S-BOS-01,P-PER-001,2026-08-03,60
S-BOS-01,P-PER-001,2026-08-10,58
S-BOS-01,P-PER-001,2026-08-17,65
S-BOS-01,P-PER-001,2026-08-24,63
S-BOS-01,P-PER-002,2026-08-03,37
S-BOS-01,P-PER-002,2026-08-10,44
S-BOS-01,P-PER-002,2026-08-17,44
S-BOS-01,P-PER-002,2026-08-24,45
S-BOS-01,P-GEN-001,2026-08-03,23
S-BOS-01,P-GEN-001,2026-08-10,24
S-BOS-01,P-GEN-001,2026-08-17,26
S-BOS-01,P-GEN-001,2026-08-24,29
S-BOS-01,P-GEN-002,2026-08-03,38
S-BOS-01,P-GEN-002,2026-08-10,39
S-BOS-01,P-GEN-002,2026-08-17,32
S-BOS-01,P-GEN-002,2026-08-24,31
S-BOS-01,P-GEN-003,2026-08-03,51
S-BOS-01,P-GEN-003,2026-08-10,42
S-BOS-01,P-GEN-003,2026-08-17,45
S-BOS-01,P-GEN-003,2026-08-24,45
S-NYC-01,P-FRZ-001,2026-08-03,59
S-NYC-01,P-FRZ-001,2026-08-10,58
S-NYC-01,P-FRZ-001,2026-08-17,63
S-NYC-01,P-FRZ-001,2026-08-24,75
S-NYC-01,P-FRZ-002,2026-08-03,51
S-NYC-01,P-FRZ-002,2026-08-10,55
S-NYC-01,P-FRZ-002,2026-08-17,46
S-NYC-01,P-FRZ-002,2026-08-24,59
S-NYC-01,P-FRZ-003,2026-08-03,43
S-NYC-01,P-FRZ-003,2026-08-10,40
S-NYC-01,P-FRZ-003,2026-08-17,43
S-NYC-01,P-FRZ-003,2026-08-24,43
S-NYC-01,P-PER-001,2026-08-03,75
S-NYC-01,P-PER-001,2026-08-10,84
S-NYC-01,P-PER-001,2026-08-17,79
S-NYC-01,P-PER-001,2026-08-24,84
S-NYC-01,P-PER-002,2026-08-03,48
S-NYC-01,P-PER-002,2026-08-10,53
S-NYC-01,P-PER-002,2026-08-17,45
S-NYC-01,P-PER-002,2026-08-24,45
S-NYC-01,P-GEN-001,2026-08-03,29
S-NYC-01,P-GEN-001,2026-08-10,38
S-NYC-01,P-GEN-001,2026-08-17,35
S-NYC-01,P-GEN-001,2026-08-24,35
S-NYC-01,P-GEN-002,2026-08-03,39
S-NYC-01,P-GEN-002,2026-08-10,38
S-NYC-01,P-GEN-002,2026-08-17,44
S-NYC-01,P-GEN-002,2026-08-24,50
S-NYC-01,P-GEN-003,2026-08-03,52
S-NYC-01,P-GEN-003,2026-08-10,49
S-NYC-01,P-GEN-003,2026-08-17,50
S-NYC-01,P-GEN-003,2026-08-24,63
