ReturnId,ReturnDateTime,StoreId,ProductId,ReasonCode,ReturnQuantity,RefundAmountUSD
RET-50001,2026-08-03T11:20:00Z,S-DEN-01,P-FRZ-001,R-TEMP,1,6.99
RET-50002,2026-08-03T11:45:00Z,S-NYC-01,P-GEN-002,R-EXP,1,10.99
RET-50003,2026-08-03T12:20:00Z,S-SFO-01,P-FRZ-001,R-WRONG,1,6.99
RET-50004,2026-08-03T13:45:00Z,S-BOS-01,P-FRZ-002,R-EXP,1,8.49
RET-50005,2026-08-03T14:00:00Z,S-PDX-01,P-GEN-003,R-TEMP,1,4.99
RET-50006,2026-08-03T14:10:00Z,S-DEN-01,P-PER-001,R-WRONG,1,4.29
RET-50007,2026-08-03T14:40:00Z,S-DEN-01,P-GEN-003,R-CHG,1,4.99
RET-50008,2026-08-03T15:15:00Z,S-NYC-01,P-GEN-001,R-QLTY,1,12.99
RET-50009,2026-08-03T16:45:00Z,S-SEA-01,P-PER-001,R-CHG,1,4.29
RET-50010,2026-08-03T18:20:00Z,S-SFO-01,P-PER-001,R-WRONG,1,4.29
RET-50011,2026-08-03T19:15:00Z,S-SFO-01,P-GEN-002,R-CHG,1,10.99
RET-50012,2026-08-04T10:00:00Z,S-DEN-01,P-GEN-001,R-QLTY,1,12.99
RET-50013,2026-08-04T11:45:00Z,S-SEA-01,P-FRZ-003,R-EXP,1,5.79
RET-50014,2026-08-04T12:10:00Z,S-DEN-01,P-PER-001,R-DMG,1,4.29
RET-50015,2026-08-04T12:15:00Z,S-SEA-01,P-GEN-002,R-DMG,1,10.99
RET-50016,2026-08-04T15:00:00Z,S-NYC-01,P-PER-001,R-CHG,1,4.29
RET-50017,2026-08-04T15:10:00Z,S-PDX-01,P-PER-002,R-QLTY,1,5.49
RET-50018,2026-08-04T15:15:00Z,S-DEN-01,P-FRZ-003,R-TEMP,1,5.79
RET-50019,2026-08-04T15:50:00Z,S-DEN-01,P-GEN-003,R-DMG,1,4.99
RET-50020,2026-08-04T18:45:00Z,S-SFO-01,P-GEN-003,R-DMG,1,4.99
RET-50021,2026-08-05T11:50:00Z,S-SEA-01,P-FRZ-002,R-WRONG,1,8.49
RET-50022,2026-08-05T11:50:00Z,S-PDX-01,P-FRZ-003,R-WRONG,1,5.79
RET-50023,2026-08-05T12:10:00Z,S-SEA-01,P-PER-002,R-TEMP,1,5.49
RET-50024,2026-08-05T13:00:00Z,S-DEN-01,P-FRZ-001,R-DMG,1,6.99
RET-50025,2026-08-05T14:30:00Z,S-BOS-01,P-GEN-001,R-EXP,1,12.99
RET-50026,2026-08-05T17:30:00Z,S-BOS-01,P-PER-002,R-WRONG,1,5.49
RET-50027,2026-08-05T18:40:00Z,S-NYC-01,P-GEN-003,R-EXP,1,4.99
RET-50028,2026-08-06T08:50:00Z,S-PDX-01,P-PER-001,R-DMG,1,4.29
RET-50029,2026-08-06T09:20:00Z,S-SEA-01,P-GEN-001,R-WRONG,1,12.99
RET-50030,2026-08-06T10:40:00Z,S-NYC-01,P-FRZ-001,R-QLTY,1,6.99
RET-50031,2026-08-06T11:30:00Z,S-SEA-01,P-PER-001,R-WRONG,1,4.29
RET-50032,2026-08-06T12:20:00Z,S-DEN-01,P-GEN-002,R-QLTY,1,10.99
RET-50033,2026-08-06T16:40:00Z,S-PDX-01,P-GEN-001,R-CHG,1,12.99
RET-50034,2026-08-06T17:50:00Z,S-NYC-01,P-PER-002,R-CHG,1,5.49
RET-50035,2026-08-06T18:30:00Z,S-DEN-01,P-FRZ-002,R-TEMP,1,8.49
RET-50036,2026-08-06T19:45:00Z,S-BOS-01,P-GEN-002,R-DMG,1,10.99
RET-50037,2026-08-06T20:30:00Z,S-SFO-01,P-GEN-001,R-QLTY,1,12.99
RET-50038,2026-08-07T08:30:00Z,S-DEN-01,P-FRZ-002,R-DMG,2,16.98
RET-50039,2026-08-07T10:40:00Z,S-BOS-01,P-PER-001,R-EXP,2,8.58
RET-50040,2026-08-07T11:30:00Z,S-PDX-01,P-FRZ-002,R-WRONG,1,8.49
RET-50041,2026-08-07T12:10:00Z,S-DEN-01,P-PER-002,R-EXP,1,5.49
RET-50042,2026-08-07T12:15:00Z,S-BOS-01,P-FRZ-003,R-DMG,1,5.79
RET-50043,2026-08-07T14:30:00Z,S-BOS-01,P-PER-001,R-EXP,1,4.29
RET-50044,2026-08-07T16:45:00Z,S-NYC-01,P-FRZ-002,R-CHG,1,8.49
RET-50045,2026-08-07T18:15:00Z,S-SFO-01,P-FRZ-003,R-WRONG,1,5.79
RET-50046,2026-08-08T10:40:00Z,S-DEN-01,P-FRZ-003,R-TEMP,2,11.58
RET-50047,2026-08-08T10:40:00Z,S-DEN-01,P-PER-002,R-DMG,1,5.49
RET-50048,2026-08-08T11:30:00Z,S-NYC-01,P-FRZ-003,R-WRONG,1,5.79
RET-50049,2026-08-08T14:40:00Z,S-SEA-01,P-GEN-003,R-CHG,1,4.99
RET-50050,2026-08-08T14:40:00Z,S-DEN-01,P-FRZ-001,R-TEMP,2,13.98
RET-50051,2026-08-08T15:40:00Z,S-SFO-01,P-PER-002,R-DMG,1,5.49
RET-50052,2026-08-08T17:00:00Z,S-BOS-01,P-GEN-003,R-DMG,1,4.99
RET-50053,2026-08-08T17:45:00Z,S-SEA-01,P-FRZ-001,R-QLTY,1,6.99
RET-50054,2026-08-08T18:00:00Z,S-DEN-01,P-FRZ-001,R-TEMP,1,6.99
RET-50055,2026-08-08T19:20:00Z,S-SEA-01,P-FRZ-001,R-QLTY,1,6.99
RET-50056,2026-08-09T10:00:00Z,S-PDX-01,P-GEN-002,R-WRONG,1,10.99
RET-50057,2026-08-09T10:30:00Z,S-DEN-01,P-FRZ-002,R-TEMP,2,16.98
RET-50058,2026-08-09T16:40:00Z,S-DEN-01,P-FRZ-001,R-TEMP,1,6.99
RET-50059,2026-08-09T17:40:00Z,S-BOS-01,P-FRZ-001,R-DMG,1,6.99
RET-50060,2026-08-09T17:50:00Z,S-DEN-01,P-FRZ-003,R-TEMP,1,5.79
RET-50061,2026-08-09T18:50:00Z,S-PDX-01,P-FRZ-001,R-DMG,1,6.99
RET-50062,2026-08-09T20:20:00Z,S-SFO-01,P-FRZ-002,R-DMG,1,8.49
RET-50063,2026-08-10T09:10:00Z,S-DEN-01,P-GEN-003,R-DMG,1,4.99
RET-50064,2026-08-10T10:20:00Z,S-BOS-01,P-FRZ-003,R-QLTY,1,5.79
RET-50065,2026-08-10T11:45:00Z,S-SEA-01,P-PER-001,R-WRONG,1,4.29
RET-50066,2026-08-10T12:15:00Z,S-SEA-01,P-FRZ-001,R-WRONG,1,6.99
RET-50067,2026-08-10T14:15:00Z,S-BOS-01,P-PER-002,R-CHG,1,5.49
RET-50068,2026-08-10T16:20:00Z,S-DEN-01,P-FRZ-002,R-TEMP,2,16.98
RET-50069,2026-08-10T18:00:00Z,S-BOS-01,P-PER-001,R-QLTY,1,4.29
RET-50070,2026-08-10T19:20:00Z,S-PDX-01,P-GEN-001,R-CHG,1,12.99
RET-50071,2026-08-10T19:45:00Z,S-NYC-01,P-PER-002,R-EXP,1,5.49
RET-50072,2026-08-10T19:50:00Z,S-SFO-01,P-GEN-003,R-DMG,1,4.99
RET-50073,2026-08-11T08:10:00Z,S-DEN-01,P-GEN-001,R-WRONG,1,12.99
RET-50074,2026-08-11T08:15:00Z,S-DEN-01,P-FRZ-003,R-CHG,1,5.79
RET-50075,2026-08-11T11:15:00Z,S-SEA-01,P-FRZ-001,R-QLTY,1,6.99
RET-50076,2026-08-11T13:00:00Z,S-SFO-01,P-PER-001,R-CHG,1,4.29
RET-50077,2026-08-11T13:10:00Z,S-DEN-01,P-FRZ-001,R-TEMP,1,6.99
RET-50078,2026-08-11T13:45:00Z,S-SEA-01,P-GEN-001,R-DMG,1,12.99
RET-50079,2026-08-11T14:15:00Z,S-PDX-01,P-GEN-003,R-WRONG,1,4.99
RET-50080,2026-08-11T15:10:00Z,S-SFO-01,P-FRZ-002,R-WRONG,1,8.49
RET-50081,2026-08-11T15:10:00Z,S-DEN-01,P-PER-001,R-DMG,2,8.58
RET-50082,2026-08-11T17:45:00Z,S-SEA-01,P-GEN-003,R-CHG,1,4.99
RET-50083,2026-08-11T17:45:00Z,S-DEN-01,P-PER-002,R-EXP,1,5.49
RET-50084,2026-08-12T12:00:00Z,S-PDX-01,P-GEN-002,R-DMG,1,10.99
RET-50085,2026-08-12T12:40:00Z,S-SEA-01,P-PER-002,R-CHG,1,5.49
RET-50086,2026-08-12T13:45:00Z,S-SEA-01,P-GEN-002,R-CHG,1,10.99
RET-50087,2026-08-12T14:20:00Z,S-PDX-01,P-PER-001,R-DMG,1,4.29
RET-50088,2026-08-12T18:50:00Z,S-DEN-01,P-FRZ-003,R-TEMP,1,5.79
RET-50089,2026-08-12T19:00:00Z,S-DEN-01,P-FRZ-001,R-CHG,1,6.99
RET-50090,2026-08-12T19:40:00Z,S-NYC-01,P-FRZ-003,R-CHG,1,5.79
RET-50091,2026-08-13T11:15:00Z,S-SFO-01,P-GEN-001,R-TEMP,1,12.99
RET-50092,2026-08-13T11:40:00Z,S-DEN-01,P-GEN-002,R-DMG,1,10.99
RET-50093,2026-08-13T11:45:00Z,S-DEN-01,P-FRZ-002,R-TEMP,2,16.98
RET-50094,2026-08-13T12:10:00Z,S-NYC-01,P-GEN-001,R-QLTY,1,12.99
RET-50095,2026-08-13T15:10:00Z,S-NYC-01,P-PER-001,R-EXP,1,4.29
RET-50096,2026-08-13T16:45:00Z,S-SEA-01,P-PER-001,R-EXP,1,4.29
RET-50097,2026-08-14T08:30:00Z,S-SFO-01,P-PER-002,R-CHG,1,5.49
RET-50098,2026-08-14T10:20:00Z,S-NYC-01,P-PER-001,R-TEMP,1,4.29
RET-50099,2026-08-14T11:00:00Z,S-SFO-01,P-GEN-002,R-EXP,1,10.99
RET-50100,2026-08-14T11:15:00Z,S-PDX-01,P-FRZ-002,R-WRONG,1,8.49
RET-50101,2026-08-14T11:40:00Z,S-DEN-01,P-GEN-003,R-CHG,1,4.99
RET-50102,2026-08-14T12:45:00Z,S-DEN-01,P-FRZ-001,R-DMG,1,6.99
RET-50103,2026-08-14T13:10:00Z,S-NYC-01,P-GEN-002,R-CHG,1,10.99
RET-50104,2026-08-14T14:15:00Z,S-PDX-01,P-FRZ-001,R-WRONG,1,6.99
RET-50105,2026-08-14T17:15:00Z,S-BOS-01,P-PER-001,R-EXP,1,4.29
RET-50106,2026-08-14T17:15:00Z,S-NYC-01,P-FRZ-001,R-CHG,1,6.99
RET-50107,2026-08-14T17:20:00Z,S-SFO-01,P-FRZ-001,R-EXP,1,6.99
RET-50108,2026-08-14T19:30:00Z,S-SFO-01,P-PER-001,R-WRONG,1,4.29
RET-50109,2026-08-14T19:50:00Z,S-BOS-01,P-FRZ-002,R-TEMP,1,8.49
RET-50110,2026-08-14T20:15:00Z,S-NYC-01,P-FRZ-002,R-CHG,1,8.49
RET-50111,2026-08-14T20:45:00Z,S-BOS-01,P-GEN-002,R-EXP,1,10.99
RET-50112,2026-08-15T09:30:00Z,S-SEA-01,P-FRZ-002,R-WRONG,1,8.49
RET-50113,2026-08-15T13:40:00Z,S-SFO-01,P-FRZ-003,R-DMG,1,5.79
RET-50114,2026-08-15T16:30:00Z,S-BOS-01,P-PER-001,R-EXP,1,4.29
RET-50115,2026-08-15T20:30:00Z,S-BOS-01,P-GEN-003,R-EXP,1,4.99
RET-50116,2026-08-16T09:00:00Z,S-BOS-01,P-FRZ-001,R-QLTY,1,6.99
RET-50117,2026-08-16T09:45:00Z,S-NYC-01,P-GEN-003,R-TEMP,1,4.99
RET-50118,2026-08-16T11:10:00Z,S-SEA-01,P-FRZ-003,R-CHG,1,5.79
RET-50119,2026-08-16T12:10:00Z,S-BOS-01,P-PER-001,R-CHG,1,4.29
RET-50120,2026-08-16T13:00:00Z,S-DEN-01,P-FRZ-001,R-QLTY,1,6.99
RET-50121,2026-08-16T13:50:00Z,S-PDX-01,P-FRZ-003,R-CHG,1,5.79
RET-50122,2026-08-16T14:45:00Z,S-PDX-01,P-PER-002,R-CHG,1,5.49
RET-50123,2026-08-16T17:00:00Z,S-DEN-01,P-FRZ-001,R-TEMP,1,6.99
RET-50124,2026-08-16T17:50:00Z,S-DEN-01,P-FRZ-001,R-TEMP,2,13.98
RET-50125,2026-08-16T20:00:00Z,S-DEN-01,P-FRZ-003,R-CHG,2,11.58
RET-50126,2026-08-17T08:50:00Z,S-DEN-01,P-FRZ-003,R-DMG,1,5.79
RET-50127,2026-08-17T09:10:00Z,S-DEN-01,P-GEN-003,R-QLTY,1,4.99
RET-50128,2026-08-17T10:50:00Z,S-NYC-01,P-GEN-002,R-WRONG,1,10.99
RET-50129,2026-08-17T13:15:00Z,S-SFO-01,P-GEN-001,R-EXP,1,12.99
RET-50130,2026-08-17T13:30:00Z,S-PDX-01,P-FRZ-001,R-QLTY,1,6.99
RET-50131,2026-08-17T13:30:00Z,S-PDX-01,P-PER-002,R-WRONG,1,5.49
RET-50132,2026-08-17T15:40:00Z,S-DEN-01,P-PER-001,R-CHG,1,4.29
RET-50133,2026-08-17T16:20:00Z,S-SFO-01,P-GEN-002,R-TEMP,1,10.99
RET-50134,2026-08-18T09:00:00Z,S-DEN-01,P-GEN-003,R-DMG,1,4.99
RET-50135,2026-08-18T09:30:00Z,S-SEA-01,P-PER-002,R-DMG,1,5.49
RET-50136,2026-08-18T14:10:00Z,S-DEN-01,P-PER-001,R-WRONG,1,4.29
RET-50137,2026-08-18T14:10:00Z,S-BOS-01,P-FRZ-002,R-QLTY,1,8.49
RET-50138,2026-08-18T14:20:00Z,S-DEN-01,P-GEN-002,R-CHG,1,10.99
RET-50139,2026-08-18T15:20:00Z,S-NYC-01,P-GEN-001,R-CHG,1,12.99
RET-50140,2026-08-18T15:30:00Z,S-NYC-01,P-GEN-003,R-EXP,1,4.99
RET-50141,2026-08-18T18:50:00Z,S-BOS-01,P-PER-002,R-CHG,1,5.49
RET-50142,2026-08-18T20:50:00Z,S-BOS-01,P-FRZ-001,R-EXP,1,6.99
RET-50143,2026-08-19T09:15:00Z,S-PDX-01,P-GEN-002,R-WRONG,1,10.99
RET-50144,2026-08-19T10:00:00Z,S-PDX-01,P-FRZ-002,R-TEMP,1,8.49
RET-50145,2026-08-19T12:15:00Z,S-NYC-01,P-FRZ-003,R-CHG,1,5.79
RET-50146,2026-08-19T15:15:00Z,S-BOS-01,P-GEN-002,R-QLTY,1,10.99
RET-50147,2026-08-19T15:50:00Z,S-SEA-01,P-FRZ-003,R-CHG,1,5.79
RET-50148,2026-08-19T16:20:00Z,S-SEA-01,P-GEN-001,R-CHG,1,12.99
RET-50149,2026-08-19T17:00:00Z,S-DEN-01,P-FRZ-002,R-TEMP,1,8.49
RET-50150,2026-08-19T17:10:00Z,S-SEA-01,P-FRZ-002,R-QLTY,1,8.49
RET-50151,2026-08-19T17:30:00Z,S-SFO-01,P-FRZ-003,R-WRONG,1,5.79
RET-50152,2026-08-19T18:50:00Z,S-PDX-01,P-GEN-001,R-QLTY,1,12.99
RET-50153,2026-08-19T19:00:00Z,S-PDX-01,P-GEN-003,R-CHG,1,4.99
RET-50154,2026-08-19T20:50:00Z,S-DEN-01,P-FRZ-002,R-TEMP,1,8.49
RET-50155,2026-08-20T09:50:00Z,S-DEN-01,P-FRZ-001,R-TEMP,1,6.99
RET-50156,2026-08-20T11:10:00Z,S-BOS-01,P-PER-001,R-EXP,1,4.29
RET-50157,2026-08-20T12:15:00Z,S-BOS-01,P-PER-001,R-CHG,1,4.29
RET-50158,2026-08-20T12:20:00Z,S-DEN-01,P-FRZ-002,R-TEMP,1,8.49
RET-50159,2026-08-20T12:40:00Z,S-DEN-01,P-FRZ-002,R-TEMP,1,8.49
RET-50160,2026-08-20T15:20:00Z,S-BOS-01,P-PER-001,R-EXP,1,4.29
RET-50161,2026-08-20T16:40:00Z,S-DEN-01,P-FRZ-003,R-TEMP,1,5.79
RET-50162,2026-08-20T18:00:00Z,S-PDX-01,P-FRZ-003,R-DMG,1,5.79
RET-50163,2026-08-21T08:45:00Z,S-SEA-01,P-GEN-002,R-DMG,1,10.99
RET-50164,2026-08-21T09:15:00Z,S-DEN-01,P-PER-002,R-CHG,1,5.49
RET-50165,2026-08-21T11:00:00Z,S-BOS-01,P-GEN-003,R-DMG,1,4.99
RET-50166,2026-08-21T12:15:00Z,S-DEN-01,P-PER-001,R-EXP,1,4.29
RET-50167,2026-08-21T12:45:00Z,S-NYC-01,P-PER-002,R-DMG,1,5.49
RET-50168,2026-08-21T13:15:00Z,S-SEA-01,P-PER-001,R-DMG,1,4.29
RET-50169,2026-08-21T19:40:00Z,S-NYC-01,P-FRZ-001,R-CHG,1,6.99
RET-50170,2026-08-22T10:00:00Z,S-SFO-01,P-GEN-003,R-EXP,1,4.99
RET-50171,2026-08-22T10:40:00Z,S-DEN-01,P-FRZ-003,R-CHG,1,5.79
RET-50172,2026-08-22T13:10:00Z,S-BOS-01,P-PER-001,R-CHG,1,4.29
RET-50173,2026-08-22T14:15:00Z,S-SEA-01,P-GEN-003,R-TEMP,1,4.99
RET-50174,2026-08-22T14:20:00Z,S-DEN-01,P-FRZ-002,R-TEMP,1,8.49
RET-50175,2026-08-22T14:30:00Z,S-DEN-01,P-FRZ-001,R-TEMP,1,6.99
RET-50176,2026-08-22T16:10:00Z,S-DEN-01,P-FRZ-001,R-DMG,2,13.98
RET-50177,2026-08-22T19:45:00Z,S-SEA-01,P-FRZ-001,R-QLTY,1,6.99
RET-50178,2026-08-23T09:30:00Z,S-PDX-01,P-PER-001,R-DMG,1,4.29
RET-50179,2026-08-23T09:45:00Z,S-NYC-01,P-PER-001,R-QLTY,2,8.58
RET-50180,2026-08-23T11:10:00Z,S-DEN-01,P-FRZ-001,R-TEMP,1,6.99
RET-50181,2026-08-23T11:30:00Z,S-SFO-01,P-FRZ-001,R-DMG,1,6.99
RET-50182,2026-08-23T12:15:00Z,S-BOS-01,P-GEN-001,R-CHG,1,12.99
RET-50183,2026-08-23T12:40:00Z,S-BOS-01,P-FRZ-003,R-CHG,1,5.79
RET-50184,2026-08-23T13:15:00Z,S-DEN-01,P-FRZ-003,R-TEMP,1,5.79
RET-50185,2026-08-23T13:45:00Z,S-SFO-01,P-PER-002,R-EXP,1,5.49
RET-50186,2026-08-23T15:45:00Z,S-DEN-01,P-GEN-001,R-CHG,1,12.99
RET-50187,2026-08-23T16:00:00Z,S-DEN-01,P-FRZ-001,R-TEMP,2,13.98
RET-50188,2026-08-23T16:10:00Z,S-DEN-01,P-FRZ-001,R-TEMP,1,6.99
RET-50189,2026-08-23T16:30:00Z,S-SFO-01,P-PER-001,R-WRONG,1,4.29
RET-50190,2026-08-23T19:10:00Z,S-SFO-01,P-FRZ-002,R-EXP,1,8.49
RET-50191,2026-08-23T20:20:00Z,S-NYC-01,P-FRZ-002,R-TEMP,1,8.49
RET-50192,2026-08-24T08:20:00Z,S-SEA-01,P-FRZ-002,R-QLTY,1,8.49
RET-50193,2026-08-24T09:45:00Z,S-SEA-01,P-FRZ-003,R-CHG,1,5.79
RET-50194,2026-08-24T11:20:00Z,S-PDX-01,P-FRZ-003,R-WRONG,1,5.79
RET-50195,2026-08-24T11:50:00Z,S-PDX-01,P-GEN-003,R-WRONG,1,4.99
RET-50196,2026-08-24T12:10:00Z,S-SEA-01,P-GEN-003,R-EXP,1,4.99
RET-50197,2026-08-24T12:50:00Z,S-NYC-01,P-FRZ-002,R-WRONG,1,8.49
RET-50198,2026-08-24T13:30:00Z,S-DEN-01,P-PER-002,R-QLTY,1,5.49
RET-50199,2026-08-24T14:15:00Z,S-PDX-01,P-FRZ-002,R-EXP,1,8.49
RET-50200,2026-08-24T14:15:00Z,S-BOS-01,P-FRZ-003,R-CHG,1,5.79
RET-50201,2026-08-24T14:20:00Z,S-DEN-01,P-GEN-001,R-DMG,1,12.99
RET-50202,2026-08-24T16:20:00Z,S-SFO-01,P-PER-001,R-DMG,2,8.58
RET-50203,2026-08-24T16:50:00Z,S-NYC-01,P-GEN-003,R-DMG,1,4.99
RET-50204,2026-08-24T18:30:00Z,S-NYC-01,P-PER-001,R-WRONG,1,4.29
RET-50205,2026-08-24T18:40:00Z,S-BOS-01,P-PER-001,R-EXP,1,4.29
RET-50206,2026-08-24T18:45:00Z,S-SFO-01,P-FRZ-002,R-CHG,1,8.49
RET-50207,2026-08-25T08:20:00Z,S-SEA-01,P-FRZ-001,R-WRONG,1,6.99
RET-50208,2026-08-25T09:40:00Z,S-BOS-01,P-GEN-003,R-DMG,1,4.99
RET-50209,2026-08-25T11:00:00Z,S-SEA-01,P-PER-001,R-DMG,1,4.29
RET-50210,2026-08-25T11:40:00Z,S-DEN-01,P-FRZ-002,R-TEMP,2,16.98
RET-50211,2026-08-25T12:50:00Z,S-BOS-01,P-FRZ-002,R-QLTY,1,8.49
RET-50212,2026-08-25T15:45:00Z,S-BOS-01,P-FRZ-001,R-CHG,1,6.99
RET-50213,2026-08-25T16:40:00Z,S-NYC-01,P-FRZ-003,R-QLTY,1,5.79
RET-50214,2026-08-25T17:00:00Z,S-BOS-01,P-PER-001,R-EXP,1,4.29
RET-50215,2026-08-25T20:20:00Z,S-SEA-01,P-PER-002,R-TEMP,1,5.49
RET-50216,2026-08-26T08:40:00Z,S-DEN-01,P-FRZ-001,R-TEMP,1,6.99
RET-50217,2026-08-26T11:20:00Z,S-BOS-01,P-PER-002,R-QLTY,1,5.49
RET-50218,2026-08-26T13:50:00Z,S-SEA-01,P-PER-001,R-QLTY,1,4.29
RET-50219,2026-08-26T14:50:00Z,S-SFO-01,P-GEN-001,R-TEMP,1,12.99
RET-50220,2026-08-26T17:15:00Z,S-DEN-01,P-FRZ-001,R-TEMP,1,6.99
RET-50221,2026-08-27T11:00:00Z,S-DEN-01,P-FRZ-002,R-QLTY,1,8.49
RET-50222,2026-08-27T14:00:00Z,S-DEN-01,P-PER-001,R-WRONG,1,4.29
RET-50223,2026-08-27T15:30:00Z,S-BOS-01,P-GEN-002,R-QLTY,1,10.99
RET-50224,2026-08-27T16:45:00Z,S-PDX-01,P-PER-001,R-EXP,1,4.29
RET-50225,2026-08-27T17:40:00Z,S-NYC-01,P-FRZ-001,R-TEMP,1,6.99
RET-50226,2026-08-27T20:40:00Z,S-SFO-01,P-FRZ-001,R-EXP,1,6.99
RET-50227,2026-08-28T08:30:00Z,S-DEN-01,P-FRZ-001,R-CHG,2,13.98
RET-50228,2026-08-28T08:30:00Z,S-DEN-01,P-GEN-003,R-CHG,1,4.99
RET-50229,2026-08-28T09:40:00Z,S-SFO-01,P-GEN-003,R-QLTY,1,4.99
RET-50230,2026-08-28T09:45:00Z,S-NYC-01,P-PER-002,R-WRONG,1,5.49
RET-50231,2026-08-28T10:20:00Z,S-BOS-01,P-PER-001,R-EXP,1,4.29
RET-50232,2026-08-28T10:30:00Z,S-NYC-01,P-GEN-001,R-QLTY,1,12.99
RET-50233,2026-08-28T10:50:00Z,S-DEN-01,P-PER-001,R-QLTY,1,4.29
RET-50234,2026-08-28T11:00:00Z,S-SFO-01,P-PER-002,R-WRONG,1,5.49
RET-50235,2026-08-28T11:30:00Z,S-SFO-01,P-FRZ-003,R-DMG,1,5.79
RET-50236,2026-08-28T12:00:00Z,S-PDX-01,P-GEN-001,R-DMG,1,12.99
RET-50237,2026-08-28T12:15:00Z,S-DEN-01,P-FRZ-001,R-TEMP,1,6.99
RET-50238,2026-08-28T13:00:00Z,S-DEN-01,P-GEN-002,R-DMG,1,10.99
RET-50239,2026-08-28T13:00:00Z,S-NYC-01,P-PER-001,R-CHG,1,4.29
RET-50240,2026-08-28T13:20:00Z,S-PDX-01,P-FRZ-001,R-QLTY,1,6.99
RET-50241,2026-08-28T13:20:00Z,S-PDX-01,P-PER-002,R-CHG,1,5.49
RET-50242,2026-08-28T13:30:00Z,S-BOS-01,P-GEN-001,R-WRONG,1,12.99
RET-50243,2026-08-28T14:00:00Z,S-DEN-01,P-FRZ-002,R-TEMP,2,16.98
RET-50244,2026-08-28T14:20:00Z,S-SEA-01,P-GEN-002,R-DMG,1,10.99
RET-50245,2026-08-28T14:20:00Z,S-BOS-01,P-PER-001,R-QLTY,1,4.29
RET-50246,2026-08-28T14:45:00Z,S-DEN-01,P-FRZ-003,R-TEMP,2,11.58
RET-50247,2026-08-28T15:40:00Z,S-SFO-01,P-GEN-002,R-DMG,1,10.99
RET-50248,2026-08-28T18:15:00Z,S-PDX-01,P-GEN-002,R-DMG,1,10.99
RET-50249,2026-08-28T18:40:00Z,S-NYC-01,P-GEN-002,R-EXP,1,10.99
RET-50250,2026-08-28T20:10:00Z,S-DEN-01,P-FRZ-003,R-TEMP,1,5.79
RET-50251,2026-08-28T20:40:00Z,S-DEN-01,P-FRZ-001,R-TEMP,1,6.99
RET-50252,2026-08-28T20:45:00Z,S-SEA-01,P-GEN-001,R-DMG,1,12.99
